CV,Keyword,Keyword Frequency,Sentiment Score
CV 1,Leadership,6,0.5106131090821372
CV 1,Innovation,8,0.5729865875069867
CV 1,Teamwork,8,0.9737942282583646
CV 1,Communication,6,0.856357915076111
CV 1,Problem Solving,2,0.945757139352532
CV 2,Leadership,2,0.5110617364692197
CV 2,Innovation,9,0.624461099186212
CV 2,Teamwork,10,1.0
CV 2,Communication,6,0.8431099994179238
CV 2,Problem Solving,3,0.9409095942881882
CV 3,Leadership,6,0.5615960321291557
CV 3,Innovation,7,0.6038246227819732
CV 3,Teamwork,9,0.9990704633782898
CV 3,Communication,7,0.9176487400008146
CV 3,Problem Solving,2,0.9304733922896335
CV 4,Leadership,3,0.5068704224088119
CV 4,Innovation,9,0.6377188503676643
CV 4,Teamwork,8,1.0
CV 4,Communication,4,0.8703077499055745
CV 4,Problem Solving,1,1.0
CV 5,Leadership,4,0.5267056440763814
CV 5,Innovation,7,0.6363495096883458
CV 5,Teamwork,8,0.9667259083476282
CV 5,Communication,7,0.8515108474772712
CV 5,Problem Solving,0,0.9351251348544307
CV 6,Leadership,3,0.49722411280090484
CV 6,Innovation,10,0.6266365093763568
CV 6,Teamwork,8,0.9679743291586224
CV 6,Communication,3,0.8852124913900618
CV 6,Problem Solving,4,0.9425128672834525
CV 7,Leadership,4,0.5623646006987918
CV 7,Innovation,8,0.5737465884633327
CV 7,Teamwork,11,1.0
CV 7,Communication,7,0.8331387697426299
CV 7,Problem Solving,2,0.9408352796388096
CV 8,Leadership,4,0.5554839292911657
CV 8,Innovation,7,0.5954140477461287
CV 8,Teamwork,11,1.0
CV 8,Communication,6,0.8884778188642318
CV 8,Problem Solving,2,1.0
CV 9,Leadership,6,0.576354461376778
CV 9,Innovation,6,0.5505597554313619
CV 9,Teamwork,10,1.0
CV 9,Communication,6,0.8439852744113225
CV 9,Problem Solving,3,1.0
CV 10,Leadership,2,0.524271594208844
CV 10,Innovation,10,0.5607030304750251
CV 10,Teamwork,11,1.0
CV 10,Communication,4,0.8506465161057872
CV 10,Problem Solving,0,1.0
CV 11,Leadership,3,0.5652323356956437
CV 11,Innovation,8,0.6323160961020241
CV 11,Teamwork,7,0.9555528756447688
CV 11,Communication,5,0.8965722311016197
CV 11,Problem Solving,0,0.9570202625829539
CV 12,Leadership,2,0.508768114626598
CV 12,Innovation,7,0.6044631234190625
CV 12,Teamwork,10,1.0
CV 12,Communication,7,0.8809070528967585
CV 12,Problem Solving,4,0.9994670372728203
CV 13,Leadership,6,0.5380211638225916
CV 13,Innovation,10,0.6074639444471661
CV 13,Teamwork,7,1.0
CV 13,Communication,5,0.8619973077975801
CV 13,Problem Solving,0,0.9327697329283671
CV 14,Leadership,5,0.4958700184096845
CV 14,Innovation,9,0.5858595539305074
CV 14,Teamwork,10,0.9879532026134503
CV 14,Communication,7,0.912712141729799
CV 14,Problem Solving,0,0.9754370663535822
CV 15,Leadership,3,0.4977914383715689
CV 15,Innovation,8,0.6078992173980331
CV 15,Teamwork,7,1.0
CV 15,Communication,3,0.8296962486007952
CV 15,Problem Solving,1,0.9682194465327604
CV 16,Leadership,5,0.5092048719753227
CV 16,Innovation,7,0.580760030303997
CV 16,Teamwork,8,1.0
CV 16,Communication,5,0.8563343615626366
CV 16,Problem Solving,3,1.0
CV 17,Leadership,6,0.5236484096641343
CV 17,Innovation,7,0.5970892312034717
CV 17,Teamwork,10,1.0
CV 17,Communication,4,0.9064920637808765
CV 17,Problem Solving,3,0.9873881072038506
CV 18,Leadership,4,0.5042236388696298
CV 18,Innovation,10,0.5492445751784079
CV 18,Teamwork,7,0.972456623202949
CV 18,Communication,5,0.8744344030059038
CV 18,Problem Solving,1,1.0
CV 19,Leadership,6,0.5783604218680699
CV 19,Innovation,6,0.5826957328874962
CV 19,Teamwork,9,1.0
CV 19,Communication,4,0.8931241105477247
CV 19,Problem Solving,2,1.0
CV 20,Leadership,3,0.5440542005202235
CV 20,Innovation,7,0.6070815542723965
CV 20,Teamwork,9,1.0
CV 20,Communication,7,0.8347645385205841
CV 20,Problem Solving,1,0.9444521746185398
CV 21,Leadership,5,0.49558775687402373
CV 21,Innovation,8,0.5860146294576026
CV 21,Teamwork,11,0.997864406404617
CV 21,Communication,7,0.8301811514763531
CV 21,Problem Solving,0,0.9313860661031681
CV 22,Leadership,4,0.5855875799003228
CV 22,Innovation,10,0.5589904648754478
CV 22,Teamwork,10,1.0
CV 22,Communication,7,0.8411076720112945
CV 22,Problem Solving,3,0.9401866348398163
CV 23,Leadership,5,0.5369647857569864
CV 23,Innovation,9,0.5952854081904299
CV 23,Teamwork,10,1.0
CV 23,Communication,6,0.8231270577240752
CV 23,Problem Solving,3,0.9416354713027876
CV 24,Leadership,2,0.523071085329132
CV 24,Innovation,7,0.6383083676263811
CV 24,Teamwork,9,0.9579588547465799
CV 24,Communication,6,0.8968260877232548
CV 24,Problem Solving,1,0.9556080601964158
CV 25,Leadership,2,0.49531979327946746
CV 25,Innovation,10,0.6106943591077196
CV 25,Teamwork,7,0.9565393996750751
CV 25,Communication,5,0.9038634797601386
CV 25,Problem Solving,4,0.9748330928664499
CV 26,Leadership,2,0.5660810390416695
CV 26,Innovation,6,0.5557442596107883
CV 26,Teamwork,7,0.9714364732631627
CV 26,Communication,3,0.8552037914008535
CV 26,Problem Solving,1,1.0
CV 27,Leadership,2,0.5375738232185362
CV 27,Innovation,9,0.6012626812201287
CV 27,Teamwork,8,0.9772034565085249
CV 27,Communication,4,0.8421524381723483
CV 27,Problem Solving,2,0.9547635211056958
CV 28,Leadership,4,0.5211201151886665
CV 28,Innovation,8,0.5603274087283239
CV 28,Teamwork,8,1.0
CV 28,Communication,6,0.8441099769235542
CV 28,Problem Solving,1,0.9306692359350273
CV 29,Leadership,5,0.5576556176943069
CV 29,Innovation,9,0.6396412518528147
CV 29,Teamwork,10,0.9682787459676245
CV 29,Communication,5,0.8676652868042634
CV 29,Problem Solving,4,1.0
CV 30,Leadership,4,0.580211339580383
CV 30,Innovation,6,0.6227005488445012
CV 30,Teamwork,7,1.0
CV 30,Communication,7,0.8872067445242342
CV 30,Problem Solving,2,1.0
CV 31,Leadership,5,0.5447102801443507
CV 31,Innovation,9,0.6122991811235842
CV 31,Teamwork,11,1.0
CV 31,Communication,4,0.9118626595282979
CV 31,Problem Solving,0,0.9817287448434657
CV 32,Leadership,5,0.5204453808735954
CV 32,Innovation,9,0.6007959569239725
CV 32,Teamwork,8,1.0
CV 32,Communication,3,0.8328615493064768
CV 32,Problem Solving,3,0.9846004182006589
CV 33,Leadership,6,0.4985872866590425
CV 33,Innovation,6,0.6200386443775542
CV 33,Teamwork,11,0.9977274369484997
CV 33,Communication,6,0.8979042188724994
CV 33,Problem Solving,1,0.9498605953981782
CV 34,Leadership,2,0.5247893653192276
CV 34,Innovation,9,0.5817367930931514
CV 34,Teamwork,10,0.9678377940610298
CV 34,Communication,7,0.8254971584560946
CV 34,Problem Solving,4,0.9725270937110598
CV 35,Leadership,4,0.49048972166990723
CV 35,Innovation,9,0.6238068010996419
CV 35,Teamwork,11,0.9576826926295751
CV 35,Communication,6,0.8756999398561138
CV 35,Problem Solving,0,0.9486565282063274
CV 36,Leadership,2,0.4903766754942914
CV 36,Innovation,9,0.6001013521278764
CV 36,Teamwork,8,0.9516729298081962
CV 36,Communication,7,0.8545081719864001
CV 36,Problem Solving,0,0.9621111726849824
CV 37,Leadership,6,0.49209764611066814
CV 37,Innovation,7,0.5725923311373766
CV 37,Teamwork,8,0.9735541808583309
CV 37,Communication,7,0.8736516144478036
CV 37,Problem Solving,4,0.9486616586408623
CV 38,Leadership,4,0.5596777024972607
CV 38,Innovation,10,0.6108827869816316
CV 38,Teamwork,11,0.9635407751654789
CV 38,Communication,4,0.8906962727790154
CV 38,Problem Solving,1,0.9875136734091683
CV 39,Leadership,3,0.5042831950825761
CV 39,Innovation,8,0.6183272716768872
CV 39,Teamwork,11,0.9603808180786382
CV 39,Communication,5,0.9105167518950211
CV 39,Problem Solving,2,0.9715339360223096
CV 40,Leadership,5,0.5340107435608558
CV 40,Innovation,7,0.6071704503564661
CV 40,Teamwork,10,1.0
CV 40,Communication,6,0.8391362027012215
CV 40,Problem Solving,0,0.9925694824739247
CV 41,Leadership,2,0.5742535729576493
CV 41,Innovation,9,0.639348892464758
CV 41,Teamwork,7,0.9816666113297912
CV 41,Communication,7,0.912276339332544
CV 41,Problem Solving,0,0.9326213351326272
CV 42,Leadership,2,0.5160000584195431
CV 42,Innovation,9,0.618089489007945
CV 42,Teamwork,8,1.0
CV 42,Communication,6,0.8230553653479734
CV 42,Problem Solving,1,0.9546091891086416
CV 43,Leadership,5,0.552428946391506
CV 43,Innovation,7,0.5592346016534608
CV 43,Teamwork,8,0.9553257324015029
CV 43,Communication,3,0.9115799500818946
CV 43,Problem Solving,1,0.9678289694454076
CV 44,Leadership,4,0.49766653841205344
CV 44,Innovation,9,0.5563685510360857
CV 44,Teamwork,9,0.9609634029708796
CV 44,Communication,3,0.876151622746141
CV 44,Problem Solving,3,0.9891436612913409
CV 45,Leadership,4,0.5371353628775323
CV 45,Innovation,7,0.5448605937794441
CV 45,Teamwork,10,0.9938295580631136
CV 45,Communication,3,0.9141747269155536
CV 45,Problem Solving,4,1.0
CV 46,Leadership,6,0.4989773011540826
CV 46,Innovation,10,0.5420893412728194
CV 46,Teamwork,10,1.0
CV 46,Communication,7,0.859607793238508
CV 46,Problem Solving,2,0.98304521963903
CV 47,Leadership,5,0.5724820100726988
CV 47,Innovation,7,0.6207791685194886
CV 47,Teamwork,9,1.0
CV 47,Communication,7,0.8350610299950844
CV 47,Problem Solving,4,0.9536885318931452
CV 48,Leadership,6,0.4991287071036312
CV 48,Innovation,7,0.5549431381238222
CV 48,Teamwork,9,0.9625094759615679
CV 48,Communication,3,0.8212484094478747
CV 48,Problem Solving,2,1.0
CV 49,Leadership,5,0.5774159125898211
CV 49,Innovation,10,0.616938418098679
CV 49,Teamwork,8,0.9699459729233754
CV 49,Communication,6,0.8403850855360702
CV 49,Problem Solving,0,0.9787554918816235
CV 50,Leadership,2,0.5629018293352964
CV 50,Innovation,10,0.611552445863547
CV 50,Teamwork,7,0.9817636341410728
CV 50,Communication,5,0.8293754554526572
CV 50,Problem Solving,3,0.9741884846420499
CV 51,Leadership,4,0.5757198237985932
CV 51,Innovation,9,0.5660829045952249
CV 51,Teamwork,8,1.0
CV 51,Communication,6,0.8964678025644784
CV 51,Problem Solving,3,1.0
CV 52,Leadership,2,0.49318939303069737
CV 52,Innovation,9,0.6236927922275569
CV 52,Teamwork,7,1.0
CV 52,Communication,7,0.8593472320107315
CV 52,Problem Solving,2,0.9788188199026056
CV 53,Leadership,3,0.5035760799686377
CV 53,Innovation,7,0.5999458130671776
CV 53,Teamwork,8,1.0
CV 53,Communication,5,0.84035026319573
CV 53,Problem Solving,3,0.9460071614056957
CV 54,Leadership,3,0.555205460699496
CV 54,Innovation,10,0.6146838239145787
CV 54,Teamwork,11,0.9645583119595761
CV 54,Communication,4,0.9022743046336159
CV 54,Problem Solving,2,0.9548743120916069
CV 55,Leadership,2,0.5629699830747443
CV 55,Innovation,9,0.5565696198309021
CV 55,Teamwork,7,0.9831063795969972
CV 55,Communication,4,0.8947741948150446
CV 55,Problem Solving,4,0.9949036455823466
CV 56,Leadership,4,0.498850956689798
CV 56,Innovation,6,0.602181304742377
CV 56,Teamwork,10,1.0
CV 56,Communication,3,0.9080210520507925
CV 56,Problem Solving,1,0.9690428982336469
CV 57,Leadership,6,0.5063473196389106
CV 57,Innovation,6,0.5903113806460974
CV 57,Teamwork,10,1.0
CV 57,Communication,5,0.8238083155838546
CV 57,Problem Solving,4,0.9981812090876021
CV 58,Leadership,3,0.5375697909567725
CV 58,Innovation,8,0.563795843641359
CV 58,Teamwork,10,0.954521909821962
CV 58,Communication,5,0.8702275624379735
CV 58,Problem Solving,0,1.0
CV 59,Leadership,5,0.5609775391244544
CV 59,Innovation,6,0.5928007245512655
CV 59,Teamwork,7,1.0
CV 59,Communication,3,0.9010693162072674
CV 59,Problem Solving,0,0.9460060505269722
CV 60,Leadership,2,0.527389266707331
CV 60,Innovation,8,0.546634399683597
CV 60,Teamwork,8,1.0
CV 60,Communication,7,0.8648534203738597
CV 60,Problem Solving,1,1.0
CV 61,Leadership,4,0.5532438413459196
CV 61,Innovation,8,0.5726115365908504
CV 61,Teamwork,8,0.9799641919017315
CV 61,Communication,3,0.9060233177827074
CV 61,Problem Solving,4,0.9886761427540894
CV 62,Leadership,6,0.5710753310102149
CV 62,Innovation,10,0.612301689501321
CV 62,Teamwork,9,1.0
CV 62,Communication,3,0.8476523257018296
CV 62,Problem Solving,0,0.9771219246512709
CV 63,Leadership,4,0.5728644724154699
CV 63,Innovation,7,0.5610171429206389
CV 63,Teamwork,10,1.0
CV 63,Communication,5,0.8914149357609169
CV 63,Problem Solving,4,0.9410145532932958
CV 64,Leadership,3,0.5300227553646975
CV 64,Innovation,8,0.5749558719336542
CV 64,Teamwork,7,1.0
CV 64,Communication,6,0.8304301215135185
CV 64,Problem Solving,2,0.9444233199044368
CV 65,Leadership,5,0.5335118479737412
CV 65,Innovation,9,0.574984554090899
CV 65,Teamwork,8,1.0
CV 65,Communication,5,0.8558715474139817
CV 65,Problem Solving,2,0.9925945630416557
CV 66,Leadership,3,0.5471315599946448
CV 66,Innovation,9,0.5539635546956048
CV 66,Teamwork,10,0.9824621708590874
CV 66,Communication,6,0.8318483273675278
CV 66,Problem Solving,0,0.9721662376407298
CV 67,Leadership,3,0.5525470269004727
CV 67,Innovation,7,0.5555036014115401
CV 67,Teamwork,8,1.0
CV 67,Communication,7,0.9078291668780709
CV 67,Problem Solving,3,0.9937816921277898
CV 68,Leadership,2,0.5293831343554166
CV 68,Innovation,7,0.5462582037059149
CV 68,Teamwork,7,0.9858745223797332
CV 68,Communication,6,0.8826276493777354
CV 68,Problem Solving,1,1.0
CV 69,Leadership,2,0.5352867616722198
CV 69,Innovation,10,0.5538630186133887
CV 69,Teamwork,9,1.0
CV 69,Communication,7,0.8900838576169607
CV 69,Problem Solving,1,0.9566898150850206
CV 70,Leadership,2,0.4935327385190036
CV 70,Innovation,10,0.5601795313216368
CV 70,Teamwork,10,0.9937774092888296
CV 70,Communication,7,0.8911158544886396
CV 70,Problem Solving,1,0.9768145233997912
CV 71,Leadership,5,0.5088912277398114
CV 71,Innovation,10,0.5539360770918363
CV 71,Teamwork,7,1.0
CV 71,Communication,6,0.8773603603123598
CV 71,Problem Solving,4,0.9768896893194768
CV 72,Leadership,6,0.5022073214687478
CV 72,Innovation,8,0.6130280976118435
CV 72,Teamwork,11,0.9626753137131707
CV 72,Communication,3,0.8834855190095952
CV 72,Problem Solving,1,1.0
CV 73,Leadership,6,0.5469967739436764
CV 73,Innovation,8,0.6216995944089297
CV 73,Teamwork,8,0.9804157553937872
CV 73,Communication,7,0.910166293344761
CV 73,Problem Solving,2,0.9822803320543747
CV 74,Leadership,2,0.5701574392577651
CV 74,Innovation,9,0.6067450045397919
CV 74,Teamwork,8,1.0
CV 74,Communication,6,0.8587767583193668
CV 74,Problem Solving,1,0.9429985751569259
CV 75,Leadership,3,0.4909699405737937
CV 75,Innovation,6,0.5467713831770581
CV 75,Teamwork,7,1.0
CV 75,Communication,6,0.8442505248080318
CV 75,Problem Solving,4,0.9617539656210969
CV 76,Leadership,6,0.5200424423267462
CV 76,Innovation,9,0.5588717645788532
CV 76,Teamwork,8,0.988343529396855
CV 76,Communication,4,0.8571090251745306
CV 76,Problem Solving,2,0.9796661296165221
CV 77,Leadership,5,0.5246449881965464
CV 77,Innovation,10,0.6202862842242791
CV 77,Teamwork,8,0.9734075458055733
CV 77,Communication,6,0.9141762979833407
CV 77,Problem Solving,0,0.9979221267328866
CV 78,Leadership,4,0.5194274397963113
CV 78,Innovation,7,0.5464973832685274
CV 78,Teamwork,9,1.0
CV 78,Communication,4,0.8427094962593662
CV 78,Problem Solving,4,1.0
CV 79,Leadership,5,0.5665321905479437
CV 79,Innovation,9,0.5645435619107767
CV 79,Teamwork,11,1.0
CV 79,Communication,3,0.8848348431292647
CV 79,Problem Solving,3,0.9982270360974036
CV 80,Leadership,2,0.5452532977851757
CV 80,Innovation,8,0.6339318773887975
CV 80,Teamwork,7,1.0
CV 80,Communication,7,0.8649881061917802
CV 80,Problem Solving,2,0.9929822588164323
CV 81,Leadership,3,0.498859545352845
CV 81,Innovation,7,0.6241559955107964
CV 81,Teamwork,10,1.0
CV 81,Communication,7,0.8435817563241788
CV 81,Problem Solving,4,1.0
CV 82,Leadership,2,0.5031325284699247
CV 82,Innovation,10,0.6293235534203874
CV 82,Teamwork,11,0.9612144896393169
CV 82,Communication,4,0.8469362747037421
CV 82,Problem Solving,4,0.9308205986905743
CV 83,Leadership,3,0.5256853146705802
CV 83,Innovation,10,0.6351539796395229
CV 83,Teamwork,8,1.0
CV 83,Communication,4,0.8916606882585077
CV 83,Problem Solving,2,1.0
CV 84,Leadership,6,0.5729631801754633
CV 84,Innovation,6,0.5483514066993663
CV 84,Teamwork,10,0.9876783397324616
CV 84,Communication,6,0.864149151445592
CV 84,Problem Solving,0,0.949695927696513
CV 85,Leadership,3,0.5021294326720281
CV 85,Innovation,9,0.6300992836268495
CV 85,Teamwork,8,1.0
CV 85,Communication,5,0.8412595761509325
CV 85,Problem Solving,0,0.9508823103437515
CV 86,Leadership,4,0.5095666313973831
CV 86,Innovation,6,0.6334983671347983
CV 86,Teamwork,7,0.9923598667980705
CV 86,Communication,4,0.8412447041604108
CV 86,Problem Solving,2,0.9920197126397478
CV 87,Leadership,4,0.5155969610230607
CV 87,Innovation,7,0.6063383005399607
CV 87,Teamwork,11,1.0
CV 87,Communication,5,0.9104669365467396
CV 87,Problem Solving,0,0.968214332388024
CV 88,Leadership,2,0.5567325278345591
CV 88,Innovation,8,0.5665485105298979
CV 88,Teamwork,8,1.0
CV 88,Communication,4,0.8319463857072019
CV 88,Problem Solving,1,0.9750301193936669
CV 89,Leadership,2,0.4970222807700589
CV 89,Innovation,8,0.5445717901636707
CV 89,Teamwork,8,1.0
CV 89,Communication,7,0.8364539692749347
CV 89,Problem Solving,1,1.0
CV 90,Leadership,6,0.5400242032067912
CV 90,Innovation,9,0.6143719706076506
CV 90,Teamwork,9,1.0
CV 90,Communication,7,0.8266317113580931
CV 90,Problem Solving,3,0.9982706669232357
CV 91,Leadership,2,0.5129728327436759
CV 91,Innovation,9,0.5950879405235869
CV 91,Teamwork,9,1.0
CV 91,Communication,6,0.8247784118273921
CV 91,Problem Solving,3,1.0
CV 92,Leadership,3,0.5707926596532593
CV 92,Innovation,7,0.5599716332067572
CV 92,Teamwork,8,0.9770786597485971
CV 92,Communication,7,0.866093148937388
CV 92,Problem Solving,2,1.0
CV 93,Leadership,2,0.5672106834256374
CV 93,Innovation,9,0.57915563054509
CV 93,Teamwork,10,1.0
CV 93,Communication,3,0.8363952141715504
CV 93,Problem Solving,2,1.0
CV 94,Leadership,4,0.5660531424919877
CV 94,Innovation,6,0.6202496366073683
CV 94,Teamwork,8,0.9602007754086381
CV 94,Communication,4,0.8831319333414779
CV 94,Problem Solving,4,0.9626678911443067
CV 95,Leadership,5,0.5684347469457972
CV 95,Innovation,10,0.5576448871711012
CV 95,Teamwork,7,0.9832102232636426
CV 95,Communication,5,0.8294123753836712
CV 95,Problem Solving,2,1.0
CV 96,Leadership,4,0.5320181319454274
CV 96,Innovation,10,0.575220921870911
CV 96,Teamwork,8,0.9623284547548656
CV 96,Communication,3,0.8425289741306711
CV 96,Problem Solving,4,1.0
CV 97,Leadership,6,0.49332719400332226
CV 97,Innovation,10,0.6229113381745027
CV 97,Teamwork,10,0.9778094223432747
CV 97,Communication,5,0.8228667260440331
CV 97,Problem Solving,0,0.9942780744654454
CV 98,Leadership,4,0.5898327570230419
CV 98,Innovation,10,0.5908582920176539
CV 98,Teamwork,10,1.0
CV 98,Communication,6,0.8768098715111187
CV 98,Problem Solving,1,0.981849245630412
CV 99,Leadership,5,0.5512518613743231
CV 99,Innovation,10,0.5544394330256275
CV 99,Teamwork,8,1.0
CV 99,Communication,6,0.8893758373754508
CV 99,Problem Solving,2,0.9690191907061515
CV 100,Leadership,2,0.4965610581609487
CV 100,Innovation,6,0.5747685300564805
CV 100,Teamwork,11,0.9627598456379995
CV 100,Communication,4,0.8392251700812259
CV 100,Problem Solving,1,0.9540812205734003
CV 101,Leadership,5,0.5127343720458776
CV 101,Innovation,6,0.6290347844398629
CV 101,Teamwork,9,1.0
CV 101,Communication,7,0.9036995278612899
CV 101,Problem Solving,1,0.9562263851216533
CV 102,Leadership,3,0.5613141975613896
CV 102,Innovation,6,0.636350183423394
CV 102,Teamwork,9,1.0
CV 102,Communication,6,0.8548262098030686
CV 102,Problem Solving,0,1.0
CV 103,Leadership,2,0.5149141463172281
CV 103,Innovation,6,0.6185259367174538
CV 103,Teamwork,7,0.9634537632930222
CV 103,Communication,7,0.8917697297875313
CV 103,Problem Solving,1,0.9740579753631999
CV 104,Leadership,3,0.5266298447368907
CV 104,Innovation,6,0.560632047699107
CV 104,Teamwork,9,1.0
CV 104,Communication,3,0.8519964428559634
CV 104,Problem Solving,2,0.9906880327051907
CV 105,Leadership,5,0.5631144065117927
CV 105,Innovation,9,0.5987066543155519
CV 105,Teamwork,7,1.0
CV 105,Communication,4,0.825141679339729
CV 105,Problem Solving,4,0.9317556259216437
CV 106,Leadership,3,0.5706287281046573
CV 106,Innovation,7,0.5528752527245274
CV 106,Teamwork,11,0.968537092285171
CV 106,Communication,6,0.8937795705298638
CV 106,Problem Solving,1,0.9329360455337039
CV 107,Leadership,3,0.5703127874964615
CV 107,Innovation,6,0.6393451049769729
CV 107,Teamwork,10,0.9592197439870519
CV 107,Communication,3,0.8354147035201143
CV 107,Problem Solving,4,0.9898131192588819
CV 108,Leadership,4,0.520580199119077
CV 108,Innovation,7,0.5964490763247366
CV 108,Teamwork,11,0.9884929259248392
CV 108,Communication,6,0.9092482021058427
CV 108,Problem Solving,1,1.0
CV 109,Leadership,3,0.5542349894975217
CV 109,Innovation,10,0.5780682463387511
CV 109,Teamwork,7,0.9630053687288246
CV 109,Communication,3,0.8900991044819557
CV 109,Problem Solving,3,1.0
CV 110,Leadership,4,0.5457923966061
CV 110,Innovation,8,0.6236075374450032
CV 110,Teamwork,7,1.0
CV 110,Communication,4,0.8544462257525949
CV 110,Problem Solving,4,0.9505003322644493
CV 111,Leadership,5,0.5752468852963695
CV 111,Innovation,9,0.5671703816680913
CV 111,Teamwork,7,1.0
CV 111,Communication,5,0.8579666520852265
CV 111,Problem Solving,3,0.9702096743103734
CV 112,Leadership,2,0.5110133186927284
CV 112,Innovation,6,0.5891411540280149
CV 112,Teamwork,8,0.9937541651088813
CV 112,Communication,3,0.8379211825437498
CV 112,Problem Solving,1,1.0
CV 113,Leadership,2,0.5291919341084097
CV 113,Innovation,8,0.5644555023297249
CV 113,Teamwork,9,0.9789942141757605
CV 113,Communication,3,0.8574257333633224
CV 113,Problem Solving,0,0.9861034878086039
CV 114,Leadership,2,0.5813020603722556
CV 114,Innovation,6,0.6305319320455343
CV 114,Teamwork,8,0.9719874886611303
CV 114,Communication,3,0.8933146569743087
CV 114,Problem Solving,0,0.9962418878835013
CV 115,Leadership,6,0.5069515491355292
CV 115,Innovation,7,0.5754426479084322
CV 115,Teamwork,7,0.9993775119791154
CV 115,Communication,4,0.8524516056631
CV 115,Problem Solving,4,0.9478073050339197
CV 116,Leadership,6,0.4942757189848014
CV 116,Innovation,7,0.5686536419141762
CV 116,Teamwork,10,1.0
CV 116,Communication,4,0.9166812539438258
CV 116,Problem Solving,3,1.0
CV 117,Leadership,5,0.5452517982597299
CV 117,Innovation,6,0.6085438732943823
CV 117,Teamwork,7,1.0
CV 117,Communication,6,0.893529024731081
CV 117,Problem Solving,3,0.9778682574641704
CV 118,Leadership,3,0.5520094768477503
CV 118,Innovation,6,0.6056109181684121
CV 118,Teamwork,8,0.9970903294700761
CV 118,Communication,6,0.8361530933889222
CV 118,Problem Solving,1,1.0
CV 119,Leadership,5,0.5851542499170446
CV 119,Innovation,6,0.6070506092059325
CV 119,Teamwork,7,0.9883837040565137
CV 119,Communication,4,0.8621022869912736
CV 119,Problem Solving,2,1.0
CV 120,Leadership,3,0.54157327301466
CV 120,Innovation,9,0.592278825052611
CV 120,Teamwork,9,1.0
CV 120,Communication,7,0.889203424177506
CV 120,Problem Solving,0,1.0
CV 121,Leadership,4,0.5512385296198695
CV 121,Innovation,7,0.5635613486494614
CV 121,Teamwork,11,0.9803092281130141
CV 121,Communication,4,0.8803944020252651
CV 121,Problem Solving,1,1.0
CV 122,Leadership,6,0.5538829635912628
CV 122,Innovation,10,0.5922210380834109
CV 122,Teamwork,10,0.9545082331553209
CV 122,Communication,6,0.8601038714872156
CV 122,Problem Solving,0,1.0
CV 123,Leadership,2,0.5155325203731833
CV 123,Innovation,6,0.6370584466319095
CV 123,Teamwork,8,0.9605258327117332
CV 123,Communication,5,0.9097696479969429
CV 123,Problem Solving,4,0.9368988506248079
CV 124,Leadership,4,0.5870555397327685
CV 124,Innovation,6,0.5810058005461233
CV 124,Teamwork,8,0.9629916894576102
CV 124,Communication,7,0.890443005099263
CV 124,Problem Solving,4,0.9385291169138468
CV 125,Leadership,2,0.5145344462177698
CV 125,Innovation,6,0.5530823450658506
CV 125,Teamwork,9,1.0
CV 125,Communication,5,0.8637618865211619
CV 125,Problem Solving,0,0.9330340347216138
CV 126,Leadership,4,0.5800990019518152
CV 126,Innovation,8,0.5414292687287454
CV 126,Teamwork,7,1.0
CV 126,Communication,6,0.8878843989074808
CV 126,Problem Solving,4,0.9422560633437325
CV 127,Leadership,2,0.5802189375475438
CV 127,Innovation,6,0.5509617061330515
CV 127,Teamwork,7,1.0
CV 127,Communication,5,0.8868670840356008
CV 127,Problem Solving,3,0.9885606540852335
CV 128,Leadership,4,0.5220738590549878
CV 128,Innovation,8,0.5511320501989445
CV 128,Teamwork,7,1.0
CV 128,Communication,4,0.8969977743220178
CV 128,Problem Solving,1,0.979182083790745
CV 129,Leadership,2,0.49035563400383364
CV 129,Innovation,10,0.6332837253168581
CV 129,Teamwork,7,0.9563893126487973
CV 129,Communication,5,0.824555288223888
CV 129,Problem Solving,4,0.972064726521775
CV 130,Leadership,5,0.5364869296485846
CV 130,Innovation,9,0.6345105374385265
CV 130,Teamwork,11,1.0
CV 130,Communication,6,0.8571454985637265
CV 130,Problem Solving,1,0.9810566137898062
CV 131,Leadership,4,0.4908410406442431
CV 131,Innovation,10,0.6380441477668374
CV 131,Teamwork,10,1.0
CV 131,Communication,6,0.8991339141482758
CV 131,Problem Solving,4,0.9464032328553726
CV 132,Leadership,4,0.5698004278396916
CV 132,Innovation,9,0.6286171308347904
CV 132,Teamwork,8,1.0
CV 132,Communication,5,0.8537666540356746
CV 132,Problem Solving,0,0.9450362655025507
CV 133,Leadership,4,0.5165377689993599
CV 133,Innovation,6,0.5842413604400483
CV 133,Teamwork,7,0.9966381586226087
CV 133,Communication,7,0.9126762782676838
CV 133,Problem Solving,1,0.9849952814717589
CV 134,Leadership,3,0.5784659375039665
CV 134,Innovation,8,0.5606024934319795
CV 134,Teamwork,10,1.0
CV 134,Communication,3,0.8599209176288715
CV 134,Problem Solving,0,0.9820773831463916
CV 135,Leadership,4,0.5336365825561785
CV 135,Innovation,6,0.5663419793215195
CV 135,Teamwork,11,0.9773026492686752
CV 135,Communication,6,0.871520803189747
CV 135,Problem Solving,3,0.9318975241886693
CV 136,Leadership,4,0.5256240093638771
CV 136,Innovation,10,0.614631958488511
CV 136,Teamwork,9,1.0
CV 136,Communication,4,0.9199548222894309
CV 136,Problem Solving,0,1.0
CV 137,Leadership,5,0.5605095126143059
CV 137,Innovation,9,0.6302002627900929
CV 137,Teamwork,8,1.0
CV 137,Communication,4,0.9094802636222051
CV 137,Problem Solving,0,1.0
CV 138,Leadership,5,0.5151146901960838
CV 138,Innovation,7,0.6149528093134288
CV 138,Teamwork,11,1.0
CV 138,Communication,7,0.8563295148744346
CV 138,Problem Solving,0,0.9331961518596659
CV 139,Leadership,6,0.5190788662878224
CV 139,Innovation,8,0.5681157136677187
CV 139,Teamwork,8,1.0
CV 139,Communication,3,0.8914381945214616
CV 139,Problem Solving,3,0.9577452851719872
CV 140,Leadership,6,0.522870664940303
CV 140,Innovation,10,0.6221781310014165
CV 140,Teamwork,8,1.0
CV 140,Communication,7,0.8860308607457188
CV 140,Problem Solving,3,1.0
CV 141,Leadership,3,0.5523236996351271
CV 141,Innovation,10,0.5831535150857559
CV 141,Teamwork,11,1.0
CV 141,Communication,4,0.8498030442162237
CV 141,Problem Solving,2,0.9459542010391027
CV 142,Leadership,2,0.5608060624627045
CV 142,Innovation,8,0.6179981832824116
CV 142,Teamwork,10,1.0
CV 142,Communication,4,0.9018112017604994
CV 142,Problem Solving,0,1.0
CV 143,Leadership,5,0.4909770066456333
CV 143,Innovation,6,0.6096755572982363
CV 143,Teamwork,7,0.9683941820921805
CV 143,Communication,7,0.8597491527357218
CV 143,Problem Solving,2,0.9663074993822898
CV 144,Leadership,4,0.5611734545206037
CV 144,Innovation,8,0.6162436477051808
CV 144,Teamwork,8,1.0
CV 144,Communication,5,0.8681186739275457
CV 144,Problem Solving,0,0.9867771829796688
CV 145,Leadership,6,0.562745776977756
CV 145,Innovation,7,0.5735522510336142
CV 145,Teamwork,9,1.0
CV 145,Communication,6,0.9164962848326558
CV 145,Problem Solving,1,1.0
CV 146,Leadership,2,0.5725618818098605
CV 146,Innovation,7,0.5516921072482381
CV 146,Teamwork,8,0.9988111604944419
CV 146,Communication,4,0.8433413280704691
CV 146,Problem Solving,4,0.9357688952701853
CV 147,Leadership,3,0.5568849194898474
CV 147,Innovation,7,0.5442338377837787
CV 147,Teamwork,8,0.9735494654475811
CV 147,Communication,6,0.8513812355012704
CV 147,Problem Solving,4,0.9617811215725804
CV 148,Leadership,6,0.5176811332400899
CV 148,Innovation,9,0.5556595553126394
CV 148,Teamwork,10,1.0
CV 148,Communication,4,0.8486839930787857
CV 148,Problem Solving,2,1.0
CV 149,Leadership,2,0.5163274636394449
CV 149,Innovation,6,0.6196650491496438
CV 149,Teamwork,10,0.9652411261384407
CV 149,Communication,6,0.8826639792782641
CV 149,Problem Solving,2,1.0
CV 150,Leadership,3,0.5480678989384071
CV 150,Innovation,6,0.5755494053982424
CV 150,Teamwork,10,0.9948787749463964
CV 150,Communication,7,0.8340857369919108
CV 150,Problem Solving,0,0.983595446833584
CV 151,Leadership,4,0.5378501364448415
CV 151,Innovation,7,0.5524836951273528
CV 151,Teamwork,8,0.993919249955699
CV 151,Communication,6,0.8868731219229556
CV 151,Problem Solving,0,0.9910647252419629
CV 152,Leadership,4,0.5121972277692691
CV 152,Innovation,7,0.5430383619117211
CV 152,Teamwork,9,1.0
CV 152,Communication,7,0.8478357113110239
CV 152,Problem Solving,3,0.9932905075038507
CV 153,Leadership,6,0.5287340083290761
CV 153,Innovation,6,0.6005019465065362
CV 153,Teamwork,10,1.0
CV 153,Communication,7,0.8590722186015964
CV 153,Problem Solving,1,0.9333867334323322
CV 154,Leadership,5,0.560863494868082
CV 154,Innovation,10,0.6322739832152308
CV 154,Teamwork,9,0.9876499047760481
CV 154,Communication,6,0.8727441357765978
CV 154,Problem Solving,4,1.0
CV 155,Leadership,2,0.51722957434907
CV 155,Innovation,7,0.6170618636544604
CV 155,Teamwork,7,1.0
CV 155,Communication,7,0.8843903989998565
CV 155,Problem Solving,2,0.961585716769854
CV 156,Leadership,4,0.49712037123064196
CV 156,Innovation,6,0.5638994622974124
CV 156,Teamwork,7,1.0
CV 156,Communication,6,0.8399821848465395
CV 156,Problem Solving,2,0.9795128958455473
CV 157,Leadership,4,0.53406059329949
CV 157,Innovation,6,0.63739693799503
CV 157,Teamwork,8,0.975640904425754
CV 157,Communication,6,0.8586169097802804
CV 157,Problem Solving,1,0.9643259873671339
CV 158,Leadership,5,0.5527071669062322
CV 158,Innovation,9,0.5551103535704427
CV 158,Teamwork,9,1.0
CV 158,Communication,7,0.9114096647420806
CV 158,Problem Solving,1,0.9853302302220927
CV 159,Leadership,2,0.49798707553480515
CV 159,Innovation,6,0.5794314430641997
CV 159,Teamwork,10,0.9755193943566943
CV 159,Communication,5,0.8737286590561731
CV 159,Problem Solving,1,0.9661691031056026
CV 160,Leadership,3,0.5684724737516675
CV 160,Innovation,6,0.571459687228921
CV 160,Teamwork,7,0.971662706945322
CV 160,Communication,6,0.8290705732063839
CV 160,Problem Solving,1,0.9385193404497245
CV 161,Leadership,2,0.5063850177246781
CV 161,Innovation,10,0.5436112189136901
CV 161,Teamwork,10,0.9507596208863636
CV 161,Communication,5,0.8265281358289057
CV 161,Problem Solving,0,1.0
CV 162,Leadership,6,0.5363139110365253
CV 162,Innovation,10,0.6026613593884652
CV 162,Teamwork,10,0.9946471878612828
CV 162,Communication,5,0.8330981331275042
CV 162,Problem Solving,2,0.9397317045749949
CV 163,Leadership,6,0.5178601074313077
CV 163,Innovation,7,0.638140220730461
CV 163,Teamwork,7,0.9543005332335568
CV 163,Communication,5,0.8246511427297524
CV 163,Problem Solving,2,1.0
CV 164,Leadership,3,0.5180057351585448
CV 164,Innovation,8,0.6216863126495805
CV 164,Teamwork,11,1.0
CV 164,Communication,5,0.8320474363496217
CV 164,Problem Solving,4,0.9436637085267131
CV 165,Leadership,3,0.5140496159636021
CV 165,Innovation,8,0.6339230951501234
CV 165,Teamwork,11,0.9988670506154124
CV 165,Communication,6,0.8872713782756751
CV 165,Problem Solving,2,0.9758697135431749
CV 166,Leadership,3,0.5065790094070128
CV 166,Innovation,7,0.6153273192450669
CV 166,Teamwork,8,1.0
CV 166,Communication,3,0.8546658146874464
CV 166,Problem Solving,1,1.0
CV 167,Leadership,3,0.5822302254010208
CV 167,Innovation,8,0.565091289724932
CV 167,Teamwork,9,0.9798192621150656
CV 167,Communication,7,0.8441753604167901
CV 167,Problem Solving,4,1.0
CV 168,Leadership,2,0.5652599072067945
CV 168,Innovation,8,0.5415034560626398
CV 168,Teamwork,8,1.0
CV 168,Communication,7,0.8672591529051115
CV 168,Problem Solving,2,1.0
CV 169,Leadership,2,0.5487350187107833
CV 169,Innovation,7,0.6025153856279326
CV 169,Teamwork,7,0.9768504219382504
CV 169,Communication,4,0.8768661980845285
CV 169,Problem Solving,3,0.9454322468883629
CV 170,Leadership,5,0.5720840987973028
CV 170,Innovation,7,0.5573674266476001
CV 170,Teamwork,8,1.0
CV 170,Communication,4,0.854808564185685
CV 170,Problem Solving,1,0.9334874562430447
CV 171,Leadership,5,0.5576133400976426
CV 171,Innovation,7,0.6174404091716218
CV 171,Teamwork,8,1.0
CV 171,Communication,3,0.8974058405501512
CV 171,Problem Solving,4,0.9679989105413148
CV 172,Leadership,3,0.5741162122587823
CV 172,Innovation,8,0.5908165442442919
CV 172,Teamwork,11,1.0
CV 172,Communication,3,0.8608125486868524
CV 172,Problem Solving,1,0.9510495771936034
CV 173,Leadership,4,0.5739078643535221
CV 173,Innovation,6,0.5799703471329809
CV 173,Teamwork,10,1.0
CV 173,Communication,6,0.8719138783000735
CV 173,Problem Solving,3,0.9786618797924487
CV 174,Leadership,5,0.4925441758518255
CV 174,Innovation,6,0.5816603538151138
CV 174,Teamwork,10,1.0
CV 174,Communication,7,0.9073875279188948
CV 174,Problem Solving,1,0.9340624094945187
CV 175,Leadership,5,0.5114668141328673
CV 175,Innovation,10,0.5493728938323321
CV 175,Teamwork,7,0.9920148609791873
CV 175,Communication,7,0.8750136637057785
CV 175,Problem Solving,4,0.9459109481336139
CV 176,Leadership,3,0.5242723173721059
CV 176,Innovation,6,0.6242795519751438
CV 176,Teamwork,8,1.0
CV 176,Communication,6,0.8979075804333664
CV 176,Problem Solving,0,0.9348107228575779
CV 177,Leadership,5,0.5879188132455673
CV 177,Innovation,7,0.6304073318094824
CV 177,Teamwork,10,0.990631572317786
CV 177,Communication,4,0.8226151807018809
CV 177,Problem Solving,2,1.0
CV 178,Leadership,6,0.540472638148327
CV 178,Innovation,6,0.5720129695958419
CV 178,Teamwork,10,0.9648856031554957
CV 178,Communication,3,0.8694806090839359
CV 178,Problem Solving,3,0.9971243019401219
CV 179,Leadership,6,0.5086639800768294
CV 179,Innovation,10,0.6215008747044887
CV 179,Teamwork,8,1.0
CV 179,Communication,6,0.8312752000112589
CV 179,Problem Solving,4,0.984899425295231
CV 180,Leadership,3,0.5591435621388026
CV 180,Innovation,6,0.6341394121593995
CV 180,Teamwork,8,0.9582890724025448
CV 180,Communication,4,0.8829676503057424
CV 180,Problem Solving,0,0.9873698019086552
CV 181,Leadership,5,0.5836463055581194
CV 181,Innovation,9,0.589745940045377
CV 181,Teamwork,8,0.9976386183778224
CV 181,Communication,3,0.9069757038005644
CV 181,Problem Solving,0,0.9395437771293471
CV 182,Leadership,6,0.5215429512222369
CV 182,Innovation,10,0.5805741072647099
CV 182,Teamwork,9,1.0
CV 182,Communication,7,0.8663161458360973
CV 182,Problem Solving,2,0.9739468460740562
CV 183,Leadership,2,0.5289145773342866
CV 183,Innovation,9,0.6111698428611232
CV 183,Teamwork,8,0.9948924642364665
CV 183,Communication,4,0.8595316206914756
CV 183,Problem Solving,2,0.9874068312374772
CV 184,Leadership,4,0.5432363109346897
CV 184,Innovation,7,0.5924173817420326
CV 184,Teamwork,11,0.9837939053043917
CV 184,Communication,5,0.8638394634246049
CV 184,Problem Solving,4,1.0
CV 185,Leadership,2,0.5043082160606457
CV 185,Innovation,10,0.6380307714402065
CV 185,Teamwork,11,0.9549843069941515
CV 185,Communication,6,0.8448388260293471
CV 185,Problem Solving,1,1.0
CV 186,Leadership,5,0.4929943869450005
CV 186,Innovation,7,0.5541888807036274
CV 186,Teamwork,10,1.0
CV 186,Communication,7,0.88684775519007
CV 186,Problem Solving,4,1.0
CV 187,Leadership,4,0.49439141597832
CV 187,Innovation,8,0.6112384656992434
CV 187,Teamwork,7,0.9667215958163414
CV 187,Communication,5,0.8334296897155846
CV 187,Problem Solving,3,1.0
CV 188,Leadership,3,0.5422573685271009
CV 188,Innovation,10,0.6025777707985384
CV 188,Teamwork,9,0.9505177455809494
CV 188,Communication,6,0.8513616140849696
CV 188,Problem Solving,4,0.9550143875916538
CV 189,Leadership,5,0.490893300246298
CV 189,Innovation,6,0.6118511006478067
CV 189,Teamwork,10,0.9791625084350284
CV 189,Communication,5,0.9016803111449029
CV 189,Problem Solving,2,0.9354451625849565
CV 190,Leadership,2,0.5083759773743404
CV 190,Innovation,10,0.5834953513023992
CV 190,Teamwork,10,1.0
CV 190,Communication,5,0.8759751876537795
CV 190,Problem Solving,3,0.959284146653012
CV 191,Leadership,6,0.5843978988748393
CV 191,Innovation,10,0.5892258693391547
CV 191,Teamwork,11,1.0
CV 191,Communication,5,0.884379382832499
CV 191,Problem Solving,1,0.952266617427408
CV 192,Leadership,6,0.5078548333611526
CV 192,Innovation,9,0.628417261461502
CV 192,Teamwork,10,0.9977680269986993
CV 192,Communication,5,0.882579066110446
CV 192,Problem Solving,1,0.9639443241549931
CV 193,Leadership,5,0.5086070062027431
CV 193,Innovation,6,0.5499138695285526
CV 193,Teamwork,11,0.9635827721920633
CV 193,Communication,7,0.9073700188098659
CV 193,Problem Solving,1,0.956418521043536
CV 194,Leadership,4,0.51478583761428
CV 194,Innovation,10,0.6113924652307886
CV 194,Teamwork,11,0.9614618353956537
CV 194,Communication,5,0.8547731175271205
CV 194,Problem Solving,3,1.0
CV 195,Leadership,2,0.49549286502201123
CV 195,Innovation,8,0.5969596443584536
CV 195,Teamwork,8,1.0
CV 195,Communication,3,0.8890948380465901
CV 195,Problem Solving,4,1.0
CV 196,Leadership,3,0.5285265413897671
CV 196,Innovation,10,0.5574708361684034
CV 196,Teamwork,7,1.0
CV 196,Communication,7,0.8913993407123457
CV 196,Problem Solving,3,1.0
CV 197,Leadership,3,0.5479289954412659
CV 197,Innovation,8,0.5549635720319249
CV 197,Teamwork,9,0.9525692561696488
CV 197,Communication,5,0.8582836760425736
CV 197,Problem Solving,0,0.9701129044968041
CV 198,Leadership,3,0.5614565977026492
CV 198,Innovation,7,0.6126096959450682
CV 198,Teamwork,9,0.9642189764143663
CV 198,Communication,3,0.8322361172976677
CV 198,Problem Solving,2,0.975848176142959
CV 199,Leadership,3,0.5204903456546403
CV 199,Innovation,8,0.5458468090741299
CV 199,Teamwork,11,1.0
CV 199,Communication,5,0.879894118343205
CV 199,Problem Solving,4,1.0
CV 200,Leadership,5,0.5471880305932222
CV 200,Innovation,6,0.6280867793677112
CV 200,Teamwork,8,1.0
CV 200,Communication,7,0.8209219606356873
CV 200,Problem Solving,2,0.9312081019108203
